Nummer	Position	Upstream	NCF1_ungleich_BC	Downstream	Type
1	1914	AATACAGGTGCGCGCCACCA	T	GCCCAGCTCGCATTTTTTGG	SNP
2	2535	CCTCCCGGGTTCAAGCAATT	A	TCCTGTCCCAGCCTCCCAAG	SNP
3	3171	TTTCTGCAATCCAGGACAAC	C	GCAAAGATGGTCCTCACCCC	SNP
5	3615	TACAGGCATGAGCCCCCACG	C	TCGGCCTTTTAGGTGGTTTT	SNP
6	3690	TCATAGCTCACTGCAGCCTC	G	ACCTCTGGGGCTCAAGCGAT	SNP
7	4423	AGTGATCCTCCCGCCTCAGC	C	TCCCAAATTGCTAGGATTAC	SNP
8	4690	GAGAGAGGTCAGTGCCTCTG	C	TAATCAAGGAATCCAGATTG	SNP
10	4822	CCTCCGCCTCCCAGGTTTAA	G	CGATTCTCCCACCTCAGCCT	SNP
11	5342	GCAGCGGGCCGCCGAGAACC	G	CCAGGGCACACTTACCGAGT	SNP
12	6244	CCGGGCACAGTGGCTCACAC	G	TATAATCCCAGCACTTTGGA	SNP
13	7453	GAACAGGTTTTGGAGGGCAG	T	GTGGCCTTCAGAGGCGATGC	SNP
14	7626	TCTCGCTCTGTTGCCCAGGC	T	AGAGTGAAGTGGTGTGATCA	SNP
15	7760	AGCTAATTTTTAATTTTCTG	G	TAGAGATGGGGTCTCACTAC	SNP
18	7991	AGAGTACCTTTCTCTTAATA	C	ACCCACACTGTAAGGTACTG	SNP
19	7998	CTTTCTCTTAATACACCCAC	A	CTGTAAGGTACTGGGTGGTT	SNP
20	8049	ATATGAATTTTTGAGAAGGC	G	GATGTCAGCCAATACTAAAC	SNP
22	8664	GGGTGTGGTGGCATACGTCT	A	TGGTCCCAGCTATTCGGGAG	SNP
23	8719	ATTGCTTGAGCCTAGGAGTC	C	AGGGCTGTAGTGAGCTGTGA	SNP
24	9096	GGGGACGTGGTGGAGGTCGT	A	GAGAAGAGCGAGAGCGGTCA	SNP
25	9198	TGCCAAGGCTCAGGCAGCCT	T	GCCCCTGGGAGGACTCCGGC	SNP
26	9266	CACACTGTGGGTCGCCTTCT	G	TCTTAGTGTGCACCCTGTGG	SNP
27	9622	AAGCGAGGCTGGATCCCAGC	G	TCCTTCCTCGAGCCCCTGGA	SNP
28	9816	TCAGGGCTAAGATCTCATCG	A	CTCTGGCTTGGGGGCCCTGG	SNP
29	9891	AGGAGGAGGAGCAGACGACT	G	GGGAGAGTGGGAGGCCAGTG	SNP
30	10241	CTCCAGCCTCAGCCTCCCCA	A	GTAGCTGGGATTACAAGCAT	SNP
31	11501	CCATCTCAGTAGCAGGGAGG	A	ATGAGCCCACCCTTGCCTGT	SNP
32	11669	TCCTAGCTAGGCGCAATGGC	T	CAGGCCTGTAATCCCAGCAC	SNP
33	11716	AGCCCAGGACAGGACGATCA	T	GTGAGGTCAGGAGTTCGAGA	SNP
34	11798	CACAAACATGAGCCGGGTGT	G	GTGGTGGGAGCCTGTAATCC	SNP
35	11850	GAGTCTGAGACAAGAGAATC	A	CTTCAACCCGGAGGCGGAGG	SNP
36	11874	CAACCCGGGAGGCGGAGGTT	G	CAGTGAGCCAAGATCGCGCC	SNP
37	12516	GGATCTTGCTCTGACTCCCA	A	GCTGGAGCACAATCATCGCT	SNP
38	12633	TTTTTAATTTTTTTGTAGGG	A	TGGGGTCTCACTATGGTGCC	SNP
39	13281	GAGGCAGGTGGATCACTTGA	T	GTCAGGAGTTTGAGACCAGC	SNP
40	13401	CAGCTACTTGGGAAGCTGAG	A	CAGGAGAATTGCTTGAACTT	SNP
41	13507	AACTCTGTCTTGGGGTTGGG	C	GGGGGAAAAGCATTTGGAAG	SNP
42	13618	AAAAATTGGCAAATATAATC	C	GCCAATGTCTTCTTTTTTCT	SNP
43	13623	TTGGCAAATATAATCCGCCA	A	TGTCTTCTTTTTTCTTTACT	SNP
44	13642	AATGTCTTCTTTTTTCTTTA	C	TTTTTTCGGGAGGTAGAGAT	SNP
45	14377	GGATGGGCAGTCCAGGGGGG	G	TCCCCGGAGAGGGGGACGAC	SNP
46	14801	GCAGGAAGGGCAAGCCCTAG	A	GGCGGAGTCAGCGGGAGAGG	SNP
47	14902	GGCGGGGACTGGAGGCGGGG	T	CAGAGGAGGAGCCAGCGCTA	SNP
48	1925-1927	GCGCCACCATGCCCAGCTCG	CAT	TTTTTGGTAGAGACAGGGTT	Insertion
49	1974	ATATTGATTCTGGATCAGTC	1	TTTTTTTTTTTTTTATGAGA	Deletion
50	3293-3294	CGACTCTGGCTTTCCCCCAG	GT	GTACATGTTCCTGGTGAAAT	Insertion
51	3529-3548	ATTTATATAAATTTTTGTGA	20	CAGGGTCTTGCTCTGTCACC	Deletion
52	7291-7293	GCAGAGCCAGACTCCATCTC	AAA	AAAAAAAAAAAAAAAAAAGA	Insertion
53	8482-8483	ACAGAGCGAGACTCCATCTC	2	AAAAAAAAAAAAAAAAAAGT	Deletion
54	12288-12290	ATGGAGCAAGACCCTGTCTC	3	AAAAAAAAAAAAAAAAAAAA	Deletion
55	13093	CAGATGGATTTCCATACTGG	A	AAAAAAAAAAAAAGAGCAAA	Insertion
